date,btc_price,trend_score,vol_scalar,target_weight,prev_weight,new_weight,action,trade_pct,daily_return,strat_equity,hodl_equity,drawdown
2026-06-06,60850.48,0,1,0,0,0,MANTENER,0,-0.00297418,1,1,0
2026-06-07,63302.73,0,1,0,0,0,MANTENER,0,0.0402996,1.00010746,1.0402996,0
2026-06-08,63062.98,0,1,0,0,0,MANTENER,0,-0.00378736,1.00021493,1.03635961,0
2026-06-09,61685.8,0,1,0,0,0,MANTENER,0,-0.02183817,1.00032241,1.01372742,0
2026-06-10,61449.46,0,1,0,0,0,MANTENER,0,-0.00383135,1.00042991,1.00984347,0
2026-06-11,63563.42,0,1,0,0,0,MANTENER,0,0.0344016,1.00053741,1.04458371,0
2026-06-12,63538.43,0,1,0,0,0,MANTENER,0,-0.00039315,1.00064493,1.04417303,0
2026-06-13,64429.99,0,1,0,0,0,MANTENER,0,0.01403182,1.00075246,1.05882468,0
2026-06-14,65706.62,0,1,0,0,0,MANTENER,0,0.01981422,1.00086,1.07980446,0
2026-06-15,66276.8,0,1,0,0,0,MANTENER,0,0.00867766,1.00096755,1.08917465,0
2026-06-16,65616.64,0,1,0,0,0,MANTENER,0,-0.00996065,1.00107512,1.07832576,0
2026-06-17,64446.04,0,1,0,0,0,MANTENER,0,-0.01783999,1.00118269,1.05908844,0
2026-06-18,62879.01,0,1,0,0,0,MANTENER,0,-0.02431538,1.00129028,1.0333363,0
2026-06-19,63475.2,0,1,0,0,0,MANTENER,0,0.00948154,1.00139788,1.04313392,0
2026-06-20,64222.99,0,1,0,0,0,MANTENER,0,0.01178082,1.00150549,1.0554229,0
2026-06-21,63235.63,0,1,0,0,0,MANTENER,0,-0.01537393,1.00161311,1.0391969,0
2026-06-22,63950.61,0,1,0,0,0,MANTENER,0,0.0113066,1.00172074,1.05094668,0
2026-06-23,62644.86,0,1,0,0,0,MANTENER,0,-0.0204181,1.00182839,1.02948835,0
2026-06-24,60983.13,0,1,0,0,0,MANTENER,0,-0.0265262,1.00193604,1.00217993,0
2026-06-25,59703.65,0,1,0,0,0,MANTENER,0,-0.02098088,1.00204371,0.98115331,0
2026-06-26,60002.53,0,1,0,0,0,MANTENER,0,0.00500606,1.00215139,0.98606502,0
2026-06-27,59934.84,0,1,0,0,0,MANTENER,0,-0.00112812,1.00225908,0.98495262,0
2026-06-28,59474.01,0,1,0,0,0,MANTENER,0,-0.00768885,1.00236678,0.97737947,0
2026-06-29,60162.73,0,1,0,0,0,MANTENER,0,0.01158018,1.0024745,0.98869771,0
2026-06-30,58523.93,0,1,0,0,0,MANTENER,0,-0.02723946,1.00258222,0.96176612,0
2026-07-01,59961.45,0,1,0,0,0,MANTENER,0,0.02456294,1.00268996,0.98538993,0
2026-07-02,61484.02,0,1,0,0,0,MANTENER,0,0.02539248,1.00279771,1.01041142,0
2026-07-03,62520.22,0,1,0,0,0,MANTENER,0,0.01685316,1.00290547,1.02744005,0
2026-07-04,63086.45,0,1,0,0,0,MANTENER,0,0.00905675,1.00301324,1.03674531,0
2026-07-05,63580.44,0,1,0,0,0,MANTENER,0,0.00783037,1.00312103,1.04486341,0
2026-07-06,64001.84,0,1,0,0,0,MANTENER,0,0.00662782,1.00322882,1.05178858,0
2026-07-07,63323.27,0,1,0,0,0,MANTENER,0,-0.01060235,1.00333663,1.04063715,0
2026-07-08,62237.7,0,1,0,0,0,MANTENER,0,-0.0171433,1.00344445,1.02279719,0
2026-07-09,63175.25,0,1,0,0,0,MANTENER,0,0.01506402,1.00355228,1.03820463,0
2026-07-10,64128.49,0,1,0,0,0,MANTENER,0,0.01508882,1.00366012,1.05386991,0
2026-07-11,63773.04,0.25,1,0.25,0,0.25,COMPRAR,0.25,-0.00554278,1.00359233,1.04802854,-0.00006754
2026-07-12,63740.32,0,1,0,0.25,0,VENDER,-0.25,-0.00051307,1.00336886,1.04749083,-0.0002902
2026-07-13,62264.94,0,1,0,0,0,MANTENER,0,-0.02314673,1.00347668,1.02324485,-0.00018277
2026-07-14,64988.64,0.25,1,0.25,0,0.25,COMPRAR,0.25,0.04374372,1.00340891,1.06800538,-0.0002503
2026-07-15,64716.63,0.25,1,0.25,0.25,0.25,MANTENER,0,-0.0041855,1.00243983,1.06353524,-0.00121584
2026-07-16,63770.6,0.25,1,0.25,0.25,0.25,MANTENER,0,-0.01461804,0.9988572,1.04798845,-0.0047854
2026-07-17,63894,0.25,1,0.25,0.25,0.25,MANTENER,0,0.00193506,0.99942091,1.05001637,-0.00422374
2026-07-18,64796.36,0.25,1,0.25,0.25,0.25,MANTENER,0,0.01412277,1.00303011,1.0648455,-0.00062771
2026-07-19,64681.78,0.25,1,0.25,0.25,0.25,MANTENER,0,-0.00176831,1.00266753,1.06296253,-0.00098897
2026-07-20,65213.05,0.25,1,0.25,0.25,0.25,MANTENER,0,0.0082136,1.00480722,1.07169327,0
2026-07-21,66516.18,0.25,1,0.25,0.25,0.25,MANTENER,0,0.01998266,1.00990788,1.09310855,0
2026-07-22,66086.61,0.25,1,0.25,0.25,0.25,MANTENER,0,-0.00645813,1.00835874,1.08604912,-0.00153394
2026-07-23,65051.23,0.25,1,0.25,0.25,0.25,MANTENER,0,-0.01566702,1.00449052,1.06903397,-0.00536421
2026-07-24,64083.32,0.25,1,0.25,0.25,0.25,MANTENER,0,-0.0148792,1.00083497,1.0531276,-0.00898389
2026-07-25,64295.61,0.25,1,0.25,0.25,0.25,MANTENER,0,0.00331272,1.00174451,1.05661632,-0.00808328
2026-07-26,65341.07,0.25,1,0.25,0.25,0.25,MANTENER,0,0.01626021,1.00589739,1.07379712,-0.00397115
2026-07-27,63694.43,0.25,1,0.25,0.25,0.25,MANTENER,0,-0.02520069,0.99964113,1.04673669,-0.01016603
2026-07-28,63847.12,0.25,1,0.25,0.25,0.25,MANTENER,0,0.00239723,1.00032079,1.04924596,-0.00949304
2026-07-29,63896.14,0.25,1,0.25,0.25,0.25,MANTENER,0,0.00076777,1.00059341,1.05005154,-0.00922309
2026-07-30,64721.9,0.25,1,0.25,0.25,0.25,MANTENER,0,0.01292347,1.00390684,1.06362185,-0.00594217
2026-07-31,62825.9,0,1,0,0.25,0,VENDER,-0.25,-0.02929457,0.99645981,1.03246351,-0.01331613
2026-08-01,62764.2,0,1,0,0,0,MANTENER,0,-0.00098208,0.99656689,1.03144955,-0.0132101
2026-08-02,63499.49,0.25,1,0.25,0,0.25,COMPRAR,0.25,0.01171512,0.99649958,1.0435331,-0.01327675